{
  "-bnumber": "60",
  "CHAPTER": [
    {
      "VERS": [
        {
          "text": "Se mwen menm, Py\u00E8, ap\u00F2t Jezikri, k\u0027ap ekri l\u00E8t sa a pou nou tout ki f\u00E8 pati p\u00E8p Bondye te chwazi a men k\u0027ap viv tankou etranje, gaye nan peyi Pon, Galasi, Kapad\u00F2s, Lazi ak Bitini."
        },
        {
          "text": "Se Bondye Papa a ki te chwazi nou dapre plan li te f\u00E8 davans lan. Gremesi Sentespri li a, li mete nou apa pou li pou n\u0027 obeyi Jezikri, pou san Jezikri ki koule pou nou an ka mete nou nan kondisyon pou s\u00E8vi Bondye. M\u0027ap mande Bondye pou nou resevwa anpil benediksyon ak k\u00E8 poze."
        },
        {
          "text": "Ann f\u00E8 lwanj Bondye, Papa Jezikri, Sey\u00E8 nou an. Paske, nan k\u00E8 sansib li, li ban nou lavi ank\u00F2 l\u00E8 li te f\u00E8 Jezikri leve soti vivan nan lanm\u00F2 a. Sa f\u00E8 nou viv ak anpil espwa."
        },
        {
          "text": "N\u0027ap tann l\u00E8 pou n\u0027 resevwa eritaj Bondye a, eritaj ki p\u0027ap janm pouri, ki p\u0027ap janm sal, ni ki p\u0027ap janm p\u00E8di frech\u00E8 l\u0027, eritaj li sere pou nou nan sy\u00E8l la."
        },
        {
          "text": "Paske nou menm nou gen konfyans nan li, Bondye ap pwoteje nou ak pouvwa li jouk la delivre nou jan sa pral par\u00E8t akl\u00E8 nan d\u00E8nye tan an."
        },
        {
          "text": "Sa f\u00E8 nou kontan anpil, menm si koulye a nou blije gen lapenn anpil pou yon ti tan, av\u00E8k tout kalite epr\u00E8v n\u0027ap sibi yo."
        },
        {
          "text": "Paske, konfyans nou se tankou l\u00F2 li ye. Yo blije pase l\u00F2 a, ki yon bagay perisab, nan dife pou w\u00E8 si l\u0027 bon. Konsa tou, konfyans nou ki gen plis val\u00E8 pase l\u00F2 a gen pou pase anba epr\u00E8v tou, pou nou ka resevwa lwanj, on\u00E8 ak resp\u00E8 l\u00E8 Jezikri va par\u00E8t."
        },
        {
          "text": "Nou renmen l\u0027, atout nou pa te w\u00E8 l\u0027; nou gen konfyans nan li, atout nou pa w\u00E8 l\u0027 koulye a. Konsa, nou kontan ak yon kontantman nou pa ka esplike men ki merite lwanj,"
        },
        {
          "text": "paske nou jwenn sa nou t\u0027ap chache l\u00E8 nou te kw\u00E8 a: delivrans pou nanm nou."
        },
        {
          "text": "Pwof\u00E8t yo te chache anpil, yo te fouye anpil pou yo te ka konnen ki jan Bondye t\u0027ap delivre nou. Yo te di davans ki kalite fav\u00E8 Bondye tapral f\u00E8 nou."
        },
        {
          "text": "Lespri Kris la ki te nan yo te f\u00E8 yo konnen davans tou sa Kris la tapral soufri, ansanm ak lwanj ki t\u0027ap tann li apre sa. Men, yo t\u0027ap chache konnen tou kil\u00E8 ak nan ki sikonstans sa tapral rive."
        },
        {
          "text": "Se konsa, Bondye f\u00E8 yo konnen s\u00E8vis yo t\u0027ap f\u00E8 l\u00E8 yo te bay mesaj la, se pa t\u0027 pou yo, men pou nou. Gremesi moun k\u0027ap anonse nou bon nouv\u00E8l la, av\u00E8k pouvwa Sentespri ki soti nan sy\u00E8l la, nou konnen bagay sa yo koulye a, bagay ata zanj yo ta renmen konprann."
        },
        {
          "text": "Se pout\u00E8t sa, konnen byen sa nou pral f\u00E8. Mete t\u00E8t nou an plas. Mete tout espwa nou nan benediksyon nou pral resevwa l\u00E8 Jezikri va par\u00E8t."
        },
        {
          "text": "Tankou timoun obeyisan, pa kite move lanvi nou te genyen nan tan lontan yo mennen lavi nou ank\u00F2, tankou anvan l\u00E8 nou pa t\u0027 konn Bondye."
        },
        {
          "text": "Okontr\u00E8, nan tou sa n\u0027ap f\u00E8, se pou nou bon n\u00E8t, tankou Bondye ki rele nou an bon n\u00E8t tou."
        },
        {
          "text": "Paske, men sa ki ekri nan Liv la: Se pou nou bon n\u00E8t, paske mwen menm, mwen bon n\u00E8t."
        },
        {
          "text": "Si l\u00E8 n\u0027ap lapriy\u00E8 nou rele Bondye: Papa, li menm ki p\u0027ap gade sou figi moun men k\u0027ap jije tout moun menm jan dapre sa yo f\u00E8, se pou nou viv ak krentif pou Bondye pandan ti tan ki rete pou nou pase sou t\u00E8 a."
        },
        {
          "text": "Bondye wete nou nan lavi san sans nou te resevwa nan men zans\u00E8t nou yo. Nou konnen sa li te peye pou sa. Se pa t\u0027 av\u00E8k bagay ki ka p\u00E8di val\u00E8 yo tankou lajan ak l\u00F2."
        },
        {
          "text": "Men, se av\u00E8k gwo ofrann san Kris la ki te koule l\u00E8 li te ofri t\u00E8t li tankou yon ti mouton san defo ni ankenn enfimite."
        },
        {
          "text": "Bondye te chwazi l\u0027 pou sa depi anvan li te kreye tout bagay. Men, se nan d\u00E8nye tan sa yo li vin par\u00E8t pou byen nou."
        },
        {
          "text": "Gremesi Kris la, nou gen konfyans nan Bondye ki te f\u00E8 l\u0027 leve soti vivan nan lanm\u00F2, nan Bondye ki te ba l\u0027 lwanj. Konsa, nou mete tout konfyans nou ak tout espwa nou nan Bondye."
        },
        {
          "text": "Koulye a, l\u00E8 n\u0027ap obeyi verite a, nou nan kondisyon pou nou f\u00E8 s\u00E8vis Bondye, pou nou sa gen yon renmen sens\u00E8 pou fr\u00E8 yo. Se sak f\u00E8, se pou nou yonn renmen l\u00F2t ak tout k\u00E8 nou, ak tout f\u00F2s nou."
        },
        {
          "text": "Gremesi paw\u00F2l Bondye a ki yon paw\u00F2l vivan epi ki la pou tout tan, nou resevwa yon l\u00F2t lavi. Fwa sa a, nou pa soti nan yon j\u00E8m ki ka mouri, men nan yon j\u00E8m ki pa ka mouri."
        },
        {
          "text": "Jan sa ekri nan Liv la: Moun, se tankou z\u00E8b yo ye. Tout b\u00E8l ou w\u00E8 yo b\u00E8l la, se tankou fl\u00E8 z\u00E8b la yo ye. Z\u00E8b la ch\u00E8ch, fl\u00E8 a tonbe."
        },
        {
          "text": "Men, paw\u00F2l Bondye a la pou tout tan. Se paw\u00F2l sa a bon nouv\u00E8l la te pote ban nou."
        }
      ]
    },
    {
      "VERS": [
        {
          "text": "Se pout\u00E8t sa, derasinen tout mechanste ki te nan lavi nou. Sispann bay manti, sispann f\u00E8 ipokrizi, sispann f\u00E8 jalouzi ak tripotaj."
        },
        {
          "text": "Tankou timoun ki fenk f\u00E8t, se pou nou kriye d\u00E8y\u00E8 bon l\u00E8t san dekoupe ki soti nan Bondye, pou nou kapab grandi, pou nou kapab fin delivre n\u00E8t."
        },
        {
          "text": "Paske, nou deja goute M\u00E8t la, nou w\u00E8 jan li bon."
        },
        {
          "text": "Pwoche vin jwenn Sey\u00E8 a, li menm ki w\u00F2ch vivan an. Moun te voye li jete paske pou yo li te san val\u00E8. Men, li gen anpil val\u00E8 pou Bondye ki te chwazi li."
        },
        {
          "text": "Nou menm tou, tankou w\u00F2ch vivan, kite Bondye s\u00E8vi ak nou pou bati kay li a ak pouvwa Sentespri, pou nou ka s\u00E8vi l\u0027 tankou pr\u00E8t k\u0027ap viv pou li. Konsa, gremesi Jezikri, n\u0027a ofri bay Bondye ofrann ki soti nan k\u00E8 nou, ofrann ki pou f\u00E8 l\u0027 plezi."
        },
        {
          "text": "Se pout\u00E8t sa nou jwenn sa ekri nan Liv la: Men li, mwen mete yon w\u00F2ch nan mitan peyi Siyon, yon w\u00F2ch kwen mwen menm mwen chwazi epi ki gen anpil val\u00E8. Moun ki mete konfyans yo nan li p\u0027ap janm soti wont."
        },
        {
          "text": "Pou nou menm ki mete konfyans nou nan w\u00F2ch la, w\u00F2ch la gen anpil val\u00E8. Men, pou moun ki pa mete konfyans yo nan li, sa ki ekri nan Liv la pral rive vre: W\u00F2ch moun ki t\u0027ap bati yo te voye jete a, se li menm ki tounen w\u00F2ch ki kenbe kay la."
        },
        {
          "text": "Se yon w\u00F2ch k\u0027ap f\u00E8 moun bite, yon gwo w\u00F2ch k\u0027ap f\u00E8 yo tonbe. Yo bite, paske yo pa koute paw\u00F2l la. Enben, se sa ki te sere pou yo."
        },
        {
          "text": "Men nou menm, nou se yon ras Bondye chwazi, yon bann pr\u00E8t k\u0027ap s\u00E8vi Wa a, yon nasyon k\u0027ap viv apa pou Bondye, yon p\u00E8p li achte. Li f\u00E8 tou sa pou n\u0027 te ka f\u00E8 tout moun konnen b\u00E8l bagay Bondye te f\u00E8 yo, Bondye ki rele nou soti nan f\u00E8nwa a pou nou antre nan b\u00E8l limy\u00E8 li a."
        },
        {
          "text": "Anvan sa, nou pa t\u0027 menm yon nasyon. Men koulye a, nou se p\u00E8p Bondye a. Anvan sa, Bondye pa t\u0027 gen pitye pou nou. Koulye a, li gen pitye pou nou."
        },
        {
          "text": "Zanmi m\u0027 yo, men sa m\u0027ap mande nou. M\u0027ap pale ak nou koulye a tankou ak moun ki etranje, ki depasaj sou lat\u00E8: Se pou nou kenbe t\u00E8t ak tout egzijans lach\u00E8 a k\u0027ap goumen kont nanm nou."
        },
        {
          "text": "Se pou nou gen yon bon kondit nan mitan moun sa yo ki pa konn Bondye. Konsa, l\u00E8 y\u0027ap pale nou mal, l\u00E8 y\u0027ap di se yon bann malfekt\u00E8 nou ye, y\u0027a gen pou yo rekon\u00E8t tout byen n\u0027ap f\u00E8 a, y\u0027a f\u00E8 lwanj Bondye l\u00E8 la vin jije yo."
        },
        {
          "text": "Soum\u00E8t devan tout otorite l\u00E8z\u00F2m etabli. F\u00E8 sa pou Bondye. Soum\u00E8t devan wa a, paske se li ki pi gwo ch\u00E8f."
        },
        {
          "text": "Soum\u00E8t devan majistra yo, paske wa a voye yo pou peni tout moun k\u0027ap f\u00E8 mal, pou f\u00E8 lwanj tout moun k\u0027ap f\u00E8 byen."
        },
        {
          "text": "Paske, Bondye vle pou n\u0027 f\u00E8 sa ki byen, pou n\u0027 ka f\u00E8men bouch moun sa yo ki pa konn anyen, ki san konprann."
        },
        {
          "text": "Se pou nou viv tankou moun ki gen tout lib\u00E8te yo. Men, nou pa dwe pran lib\u00E8te sa a s\u00E8vi yon kouv\u00E8ti pou nou f\u00E8 sa ki mal. Se pou nou viv tankou moun k\u0027ap s\u00E8vi Bondye."
        },
        {
          "text": "Se pou nou bay chak moun resp\u00E8 li merite. renmen tout fr\u00E8 nou yo, gen krentif pou Bondye, respekte wa a."
        },
        {
          "text": "Nou menm domestik yo, nou f\u00E8t pou soum\u00E8t devan m\u00E8t nou yo av\u00E8k tout resp\u00E8 yo merite. Pa s\u00E8lman devan m\u00E8t ki bon yo, m\u00E8t ki gen bon k\u00E8 yo, men devan m\u00E8t ki gen karakt\u00E8 difisil yo tou."
        },
        {
          "text": "Bondye va beni nou, si, l\u00E8 y\u0027ap f\u00E8 nou soufri pou sa nou pa f\u00E8, nou sip\u00F2te lafliksyon an paske nou konnen se sa Bondye vle."
        },
        {
          "text": "Ki lwanj ki gen nan sa si nou sip\u00F2te l\u00E8 y\u0027ap maltrete nou pou sa nou f\u00E8 ki mal? Men, si l\u00E8 nou f\u00E8 byen, nou sip\u00F2te tou sa y\u0027ap f\u00E8 nou soufri pout\u00E8t byen nou f\u00E8 a, sa se yon b\u00E8l bagay devan Bondye."
        },
        {
          "text": "Se pou sa menm Bondye te rele nou, paske Kris la te soufri pou nou. Li kite yon egzanp pou nou swiv pye pou pye."
        },
        {
          "text": "Li pa t\u0027 janm f\u00E8 ankenn peche. Ankenn manti pa t\u0027 janm soti nan bouch li."
        },
        {
          "text": "L\u00E8 yo t\u0027ap joure l\u0027, li pa t\u0027 reponn. L\u00E8 yo t\u0027ap maltrete l\u0027, li pa t\u0027 mennase pesonn. Men, li renm\u00E8t k\u00F2z li nan men Bondye k\u0027ap jije tout bagay san patipri."
        },
        {
          "text": "Kris la te pote peche nou yo nan k\u00F2 li sou bwa a, pou nou te kapab mouri annegad peche, pou nou te ka viv dwat devan Bondye. Li te kite yo maltrete l\u0027 pou l\u0027 te ka geri nou."
        },
        {
          "text": "Nou te tankou mouton ki te p\u00E8di bann yo. Men, koulye a, nou tounen vin jwenn Kris la ki gad\u00F2 nou, k\u0027ap veye sou nanm nou."
        }
      ]
    },
    {
      "VERS": [
        {
          "text": "Menm jan an tou, nou menm medam, soum\u00E8t devan mari nou. Konsa, si gen nan mari nou yo ki pa kw\u00E8 nan Bondye, kondit nou kont pou f\u00E8 yo kw\u00E8, san n\u0027 pa janm bezwen louvri bouch nou,"
        },
        {
          "text": "paske y\u0027a w\u00E8 jan nou viv byen, jan nou respekte yo."
        },
        {
          "text": "Nou pa bezwen f\u00E8 k\u00F2 nou b\u00E8l ak bagay moun ka w\u00E8, tankou l\u00E8 n\u0027ap f\u00E8 anpil kwafi estra\u00F2den\u00E8, l\u00E8 n\u0027ap mete kantite bijou an l\u00F2 ak kantite rad ki koute ch\u00E8 sou nou."
        },
        {
          "text": "Okontr\u00E8, se sa ki nan k\u00E8 nou ki tout b\u00E8lte nou, yon b\u00E8lte ki p\u0027ap janm pase. Se pou nou gen yon karakt\u00E8 dou, yon karakt\u00E8 poze. Se sa ki gen val\u00E8 devan Bondye."
        },
        {
          "text": "Nan tan lontan, se konsa medam ki t\u0027ap viv pou Bondye yo te f\u00E8 t\u00E8t yo b\u00E8l: yo te mete espwa yo nan Bondye, yo te soum\u00E8t devan mari yo."
        },
        {
          "text": "Se konsa Sara te ye. Li te soum\u00E8t devan Abraram jouk pou li te rele l\u0027 m\u00E8t. Nou menm tou, medam, nou se pitit Sara, si nou f\u00E8 sa ki byen san nou pa p\u00E8 anyen."
        },
        {
          "text": "Menm jan an tou, nou menm mari, nan tout bagay se pou nou viv byen ak madanm nou paske yo pi f\u00E8b pase nou. Ba yo tout resp\u00E8 yo merite, paske yo menm tou y\u0027a resevwa menm lavi av\u00E8k nou tankou yon fav\u00E8 nan men Bondye. Konsa, anyen p\u0027ap antrave lapriy\u00E8 nou."
        },
        {
          "text": "Pou fini, nou tout nou dwe dak\u00F2 yonn ak l\u00F2t, se pou nou gen menm santiman yonn pou l\u00F2t. Se pou nou yonn renmen l\u00F2t tankou fr\u00E8 ak s\u00E8, se pou nou gen bon k\u00E8, san l\u00F2g\u00E8y."
        },
        {
          "text": "Pa rann moun mal pou mal, jouman pou jouman. Okontr\u00E8, l\u00E8 konsa, mande benediksyon pou yo, paske se benediksyon Bondye te pwom\u00E8t pou l\u0027 ban nou l\u00E8 li te rele nou an."
        },
        {
          "text": "Paske: Si yon moun vle jwi lavi a, si l\u0027 anvi pase k\u00E8k bon kad\u00E8 sou lat\u00E8, se pou l\u0027 kenbe lang li pou l\u0027 pa pale moun mal. Se pou l\u0027 veye bouch li pou l\u0027 pa bay manti."
        },
        {
          "text": "Se pou l\u0027 sispann f\u00E8 sa ki mal, se pou l\u0027 f\u00E8 sa ki byen. Se pou l\u0027 chache viv byen ak moun. Se pou l\u0027 f\u00E8 sa li kapab pou li viv byen ak tout moun."
        },
        {
          "text": "Paske, Bondye veye sou moun k\u0027ap mache dwat devan li. Li tande yo l\u00E8 y\u0027ap lapriy\u00E8 nan pye l\u0027. Men, l\u0027ap vire do bay moun k\u0027ap f\u00E8 sa ki mal."
        },
        {
          "text": "Ki moun ki ka f\u00E8 nou mal si se byen ase nou vle f\u00E8?"
        },
        {
          "text": "Men, si nou rive soufri pout\u00E8t byen nou f\u00E8, konsidere sa tankou yon benediksyon. Nou pa bezwen p\u00E8 moun, nou pa bezwen toumante t\u00E8t nou pou anyen."
        },
        {
          "text": "S\u00E8l bagay, se pou nou rek\u00F2n\u00E8t se Kris la ki Sey\u00E8 a nan k\u00E8 nou. Se pou n\u0027 toujou pare pou n\u0027 defann t\u00E8t nou chak fwa yon moun mande nou esplikasyon sou espwa nou gen nan k\u00E8 nou an."
        },
        {
          "text": "Men, f\u00E8 sa av\u00E8k dous\u00E8 ak tout resp\u00E8. Kenbe konsyans nou pw\u00F2p. Konsa, moun k\u0027ap pale nou mal pout\u00E8t bon kondit nou gen nan Kris la, se yo menm ki va wont pou paw\u00F2l yo te di l\u00E8 yo t\u0027ap joure nou an."
        },
        {
          "text": "Se volonte Bondye pou nou f\u00E8 sa ki byen. Menm si nou gen pou n\u0027 soufri, li pa vle nou f\u00E8 sa ki mal."
        },
        {
          "text": "Paske, Kris la menm mouri yon s\u00E8l fwa pou peche nou yo, li p\u0027ap janm mouri ank\u00F2. Li menm ki t\u0027ap mache dwat devan Bondye, li mouri pou moun ki pa t\u0027ap mache dwat yo, pou l\u0027 te ka mennen nou bay Bondye. Li te mouri nan k\u00F2 l\u0027, men ak pouvwa Lespri Bondye a, li leve vivan ank\u00F2."
        },
        {
          "text": "Ak pouvwa menm Lespri a, li te al preche nanm ki nan prizon yo."
        },
        {
          "text": "Se nanm moun ki nan tan lontan te derefize kw\u00E8 nan Bondye. Se te sou tan Noe. L\u00E8 sa a, Bondye t\u0027ap tann ak pasyans pandan Noe t\u0027ap f\u00E8 gwo batiman an. Nan batiman sa a, se k\u00E8k moun s\u00E8lman, wit moun antou, ki te sove nan dlo a."
        },
        {
          "text": "Pou nou menm, dlo sa a kanpe pou dlo bat\u00E8m lan k\u0027ap delivre nou koulye a. Bat\u00E8m lan, se pa yon bagay k\u0027ap wete kras sou k\u00F2 nou. Men, se yon angajman nou pran devan Bondye ak yon konsyans san repw\u00F2ch. Bondye sove nou gremesi Jezikri ki te leve soti vivan nan lanm\u00F2,"
        },
        {
          "text": "ki moute nan sy\u00E8l la, ki chita sou b\u00F2 dwat Bondye kote l\u0027ap domennen sou tout zanj yo, sou tout ch\u00E8f yo ak sou tout otorite yo."
        }
      ]
    },
    {
      "VERS": [
        {
          "text": "Se pout\u00E8t sa, menm jan Kris la te soufri nan k\u00F2 li, nou menm tou se pou nou pare pou n\u0027 soufri menm jan an tou. Paske, l\u00E8 yon moun soufri nan k\u00F2 li, li pa gen anyen pou l\u0027 w\u00E8 ak peche ank\u00F2."
        },
        {
          "text": "Se pou li viv ti r\u00E8s tan li gen pou l\u0027 viv sou t\u00E8 a dapre egzijans volonte Bondye, pa dapre egzijans lach\u00E8."
        },
        {
          "text": "Paske, nan tan lontan, nou te gen kont tan nou pou n\u0027 te f\u00E8 tou sa moun ki pa konnen Bondye yo ap f\u00E8. L\u00E8 sa a, nou t\u0027ap viv nan lib\u00E8tinaj, nan lanvi, nan bw\u00E8 tafya, nan deb\u00F2ch, nan banb\u00F2ch, nan s\u00E8vi zid\u00F2l, bagay lalwa defann nou f\u00E8."
        },
        {
          "text": "Koulye a, moun sa yo twouve sa dw\u00F2l d\u00E8ske nou pa f\u00E8 bann ak yo ank\u00F2 nan tout eks\u00E8 sa yo. Se pout\u00E8t sa, y\u0027ap pale nou mal."
        },
        {
          "text": "Men, yo gen pou yo rann kont bay Bondye ki deja pare pou jije ni moun ki vivan yo ni moun ki mouri yo."
        },
        {
          "text": "Se pou sa menm yo te anonse bon nouv\u00E8l la bay moun ki mouri yo. Konsa, si l\u00E8 yo te sou lat\u00E8 yo te tonbe anba jijman Bondye tankou tout moun, koulye a yo ka viv nan pouvwa Lespri Bondye a, jan Bondye vle l\u0027 la."
        },
        {
          "text": "Tout bagay pr\u00E8t pou fini. Se pou nou kenbe t\u00E8t nou anplas, veye k\u00F2 nou pou n\u0027 ka lapriy\u00E8."
        },
        {
          "text": "Anvan tout bagay, se pou nou yonn renmen l\u00F2t anpil. Paske, l\u00E8 nou renmen, sa f\u00E8 Bondye padonnen anpil peche."
        },
        {
          "text": "Se pou nou yonn resevwa l\u00F2t lakay nou san plenyen."
        },
        {
          "text": "Chak moun dwe pran kado Bondye ba yo a pou yo rann l\u00F2t yo s\u00E8vis. Konsa, tankou bon jeran, n\u0027a pran kado Bondye yo, ki div\u00E8s kalite, n\u0027a f\u00E8 yo travay."
        },
        {
          "text": "Si yon moun ap pale, se pou l\u0027 pale tankou si se te paw\u00F2l Bondye li t\u0027ap di. Si yon moun ap rann s\u00E8vis, se pou li f\u00E8 l\u0027 ak f\u00F2s Bondye ba li. Konsa, nan tout bagay lwanj lan va pou Bondye, gremesi Jezikri. Se pou Jezikri tout lwanj ak tout pouvwa pou tout tan. Am\u00E8n."
        },
        {
          "text": "Fr\u00E8 m\u0027 yo, nou pa bezwen sezi devan gwo epr\u00E8v sa yo k\u0027ap tonbe sou nou tankou yon gwo dife. Nou pa bezwen konprann sa se yon bagay estw\u00F2den\u00E8 k\u0027ap rive nou la a."
        },
        {
          "text": "Okontr\u00E8, f\u00E8 k\u00E8 n\u0027 kontan. Paske, menm jan nou patisipe nan soufrans Kris yo, konsa tou n\u0027a kontan n\u00E8t ale l\u00E8 gwo pouvwa Kris la va par\u00E8t."
        },
        {
          "text": "Si yo joure nou paske n\u0027ap swiv Kris la, konsidere sa tankou yon benediksyon. Paske, Lespri ki gen gwo pouvwa a, Lespri Bondye a nan nou."
        },
        {
          "text": "Mwen swete pou pesonn nan nou pa gen pou li soufri paske li te touye moun, osinon paske li te f\u00E8 sa ki mal, osinon paske li te foure bouch li nan zaf\u00E8 ki pa gade li."
        },
        {
          "text": "Men, si yon moun ap soufri paske se kretyen li ye, li pa bezwen wont pou sa. Okontr\u00E8, se pou li f\u00E8 lwanj Bondye d\u00E8ske li pote non Kris la."
        },
        {
          "text": "Paske, dat la rive pou jijman Bondye a konmanse. L\u0027ap konmanse ak moun ki nan kay Bondye a anvan. Si li konmanse ak nou, nou pa bezwen mande sak pral rive moun sa yo ki pa koute bon nouv\u00E8l Bondye a."
        },
        {
          "text": "Tankou sa ekri nan Liv la: Si moun k\u0027ap viv dwat devan Bondye yo pa fasil pou sove, nou pa bezwen mande sa k\u0027ap rive moun ki pa kw\u00E8 nan Bondye yo, moun k\u0027ap viv nan peche yo."
        },
        {
          "text": "Se pout\u00E8t sa, moun k\u0027ap soufri paske se sa Bondye vle pou yo a, se pou yo pa sispann f\u00E8 sa ki byen, se pou yo renm\u00E8t nanm yo nan men Bondye ki kreye yo, epi ki p\u0027ap lage yo."
        }
      ]
    },
    {
      "VERS": [
        {
          "text": "Mwen menm ki yon ch\u00E8f reskonsab, m\u0027ap pale koulye a ak ch\u00E8f reskonsab ki nan mitan nou yo. Mwen menm ki te w\u00E8 jan Kris la te soufri a, mwen pral patisipe tou nan b\u00E8l pouvwa Bondye ki gen pou par\u00E8t la."
        },
        {
          "text": "Men sa m\u0027ap di nou: Tankou gad\u00F2, se pou nou swen bann mouton Bondye ki sou kont nou an. Pa f\u00E8 sa tankou si se f\u00F2se y\u0027ap f\u00F2se nou. Men, f\u00E8 l\u0027 paske nou vle f\u00E8 sa Bondye vle. Pa f\u00E8 travay la tankou si se d\u00E8y\u00E8 lajan nou ye. Men, f\u00E8 l\u0027 ak tout k\u00E8 nou."
        },
        {
          "text": "Pa f\u00E8 menm jan ak ch\u00E8f k\u0027ap maltrete moun ki sou kont yo. Okontr\u00E8, se pou nou tounen yon egzanp pou mouton yo."
        },
        {
          "text": "Konsa, l\u00E8 gran gad\u00F2 a va par\u00E8t, n\u0027a resevwa yon kouw\u00F2n ki p\u0027ap janm fennen: n\u0027a resevwa lwanj Bondye."
        },
        {
          "text": "Menm jan an tou, nou menm jennjan yo, se pou nou soum\u00E8t devan ch\u00E8f reskonsab yo. Nan tout rap\u00F2 nou yonn ak l\u00F2t, se pou nou soum\u00E8t devan Bondye. Paske Bondye pran pozisyon kont moun ki gen l\u00F2g\u00E8y. Men, moun ki soum\u00E8t devan l\u0027, li ba yo fav\u00E8 li."
        },
        {
          "text": "Se pout\u00E8t sa, soum\u00E8t nou devan Bondye ki gen pouvwa, konsa la leve nou l\u00E8 pou l\u0027 leve nou an."
        },
        {
          "text": "Lage tout t\u00E8t chaje nou yo ba li, paske l\u0027ap pran swen nou."
        },
        {
          "text": "Kenbe t\u00E8t nou anplas, rete sou prigad nou. Paske dyab la, l\u00E8nmi nou an, ap veye nou tankou yon lyon ki move, k\u0027ap chache moun pou l\u0027 devore."
        },
        {
          "text": "Kanpe f\u00E8m nan konfyans nou, kenbe t\u00E8t av\u00E8 l\u0027, paske nou konnen l\u00F2t fr\u00E8 nou yo ki nan lemonn ap soufri menm soufrans ak nou."
        },
        {
          "text": "Men, apre n\u0027a fin soufri yon ti tan, Bondye li menm va rann nou bon n\u00E8t, la kenbe nou f\u00E8m, la ban nou f\u00F2s, l\u0027ap f\u00E8 nou kanpe san brannen. Paske Bondye bay tout kalite fav\u00E8. Se li menm ki te rele nou, gremesi Kris la, pou n\u0027 te patisipe nan pouvwa li ki p\u0027ap janm fini."
        },
        {
          "text": "Se pou li tout pouvwa a, depi tout tan ak pou tout tan. Am\u00E8n."
        },
        {
          "text": "Se av\u00E8k konkou fr\u00E8 Silven, yon nonm serye dapre sa mwen konnen, m\u0027ap ekri nou l\u00E8t sa a, pou m\u0027 ka ankouraje nou, pou m\u0027 f\u00E8 nou konnen jan fav\u00E8 Bondye pou nou an se yon bagay ki vre. Kenbe f\u00E8m nan li."
        },
        {
          "text": "Legliz Bondye chwazi nan lavil Babil\u00F2n lan voye bonjou pou nou, ansanm ak Mak, pitit mwen an."
        },
        {
          "text": "B\u00F2 pa nou, yonn di l\u00F2t bonjou pou mwen, yonn bo l\u00F2t tankou fr\u00E8 ak fr\u00E8. Mwen mande pou nou tout k\u0027ap viv ansanm nan Kris la, pou nou gen k\u00E8 poze."
        }
      ]
    }
  ]
}