{
  "-bnumber": "32",
  "CHAPTER": [
    {
      "VERS": [
        {
          "text": "Yon jou, Sey\u00E8 a pale ak Jonas, pitit gason Amitayi a,"
        },
        {
          "text": "li di l\u0027 konsa: -Leve non. Ale lavil Niniv, gwo kapital la. Al f\u00E8 moun la konnen mechanste yo rive jouk nan z\u00F2r\u00E8y mwen."
        },
        {
          "text": "Men l\u00E8 sa a, Jonas leve, li pati nan direksyon Tasis, paske li t\u0027ap kouri pou Sey\u00E8 a. Li desann lavil Jope. Rive la, li jwenn yon batiman ki t\u0027ap pare pou pati pou Tasis. Li peye pasaj li. Li moute ab\u00F2 batiman an av\u00E8k marin yo. Li pati pou Tasis, paske li t\u0027ap kouri pou Sey\u00E8 a."
        },
        {
          "text": "Men, Sey\u00E8 a voye yon gwo van sou lanm\u00E8 a. Yon s\u00E8l gwo van tanp\u00E8t leve, batiman an te pr\u00E8t pou koule."
        },
        {
          "text": "Marin yo te p\u00E8 anpil. Chak moun t\u0027ap lapriy\u00E8 bondye pa yo. Pou yo te ka soulaje batiman an, yo lage d\u00E8nye chay nan lanm\u00E8. Jonas menm pout\u00E8t pa l\u0027 te desann nan lakal batiman an, li kouche kouche l\u0027. D\u00F2mi pote l\u0027 ale."
        },
        {
          "text": "Kaptenn batiman an al jwenn li, li di l\u0027 konsa: -Ey! Apa se d\u00F2mi w\u0027ap d\u00F2mi? Leve non, monch\u00E8. Lapriy\u00E8 bondye ou la. Ou pa janm konnen, li ka gen pitye pou nou, li ka pa kite nou mouri."
        },
        {
          "text": "Apre sa, marin yo yon di l\u00F2t: -Ann tire os\u00F2 pou n\u0027 konnen ki moun ki lak\u00F2z sa rive nou. Yo tire os\u00F2, epi se non Jonas ki soti."
        },
        {
          "text": "Epi yo di l\u0027: -Di nou sa ki lak\u00F2z mal\u00E8 sa a rive nou. Sa w\u0027ap f\u00E8 isit la? Kote ou soti? Moun ki peyi ou ye? Ki nanchon ou?"
        },
        {
          "text": "Jonas reponn yo: -Mwen se ebre. Mwen gen krentif pou Sey\u00E8 a, Bondye ki f\u00E8 sy\u00E8l la, lanm\u00E8 a ak t\u00E8 a."
        },
        {
          "text": "Jonas pale ak yo, li di yo ki jan li t\u0027ap kouri pou Sey\u00E8 a. Marin yo te sezi yon s\u00E8l sezi. Yo di l\u0027 konsa: -Sa ou f\u00E8 konsa, monch\u00E8?"
        },
        {
          "text": "Lanm\u00E8 a t\u0027ap vin pi move chak l\u00E8. Yo di l\u0027: -Sa pou nou f\u00E8 ak ou pou lanm\u00E8 a vin kal?"
        },
        {
          "text": "Jonas reponn yo: -Pran m\u0027, lage m\u0027 nan lanm\u00E8. Lanm\u00E8 a va kal n\u00E8t. Mwen konnen se mwen menm menm ki lak\u00F2z nou pran nan van tanp\u00E8t sa a."
        },
        {
          "text": "Marin yo menm t\u0027ap naje zaviwon pou w\u00E8 si yo ta mennen batiman an ale at\u00E8. Men, yo pa t\u0027 kapab, lanm\u00E8 a t\u0027ap vin pi move toujou."
        },
        {
          "text": "L\u00E8 yo w\u00E8 sa, yo rele nan pye Sey\u00E8 a, yo lapriy\u00E8 l\u0027 konsa: -O Sey\u00E8! Tanpri, pa kite nou mouri pout\u00E8t nonm sa a. Pa rann nou reskonsab lanm\u00F2 yon moun ki inonsan. Paske, se ou menm, Sey\u00E8, ki vle l\u0027 konsa."
        },
        {
          "text": "Epi yo pran Jonas, yo lage l\u0027 nan lanm\u00E8. Lamenm, kalmi f\u00E8t."
        },
        {
          "text": "L\u00E8 marin yo w\u00E8 sa, yo te vin p\u00E8 Sey\u00E8 a anpil. Yo ofri b\u00E8t pou touye ba li. Yo pwom\u00E8t pou yo s\u00E8vi l\u0027."
        },
        {
          "text": "Sey\u00E8 a f\u00E8 yon gwo pwason vin vale Jonas. Jonas te pase twa jou twa nwit nan vant pwason an."
        }
      ]
    },
    {
      "VERS": [
        {
          "text": "Antan li te nan vant pwason an, Jonas lapriy\u00E8 Sey\u00E8 a, Bondye li a, li di:"
        },
        {
          "text": "Nan miz\u00E8 mwen te ye a, Sey\u00E8, mwen te rele nan pye ou, ou te reponn mwen. Byen fon nan peyi kote m\u00F2 yo ye a, mwen te mande ou sekou, ou te tande vwa mwen."
        },
        {
          "text": "Ou te voye m\u0027 jete byen fon, nan fon lanm\u00E8. Dlo te s\u00E8nen m\u0027 toupatou. Tout kouran dlo ak tout lanm lanm\u00E8 yo te pase sou mwen."
        },
        {
          "text": "Mwen t\u0027ap di nan k\u00E8 m\u0027: Gen l\u00E8 ou voye m\u0027 jete byen lwen ou. Mwen p\u0027ap janm w\u00E8 kay ki apa pou ou a ank\u00F2!"
        },
        {
          "text": "Dlo yo kouvri m\u0027, yo te pr\u00E8t pou neye m\u0027. Lanm\u00E8 a te fin vale m\u0027, z\u00E8b lanm\u00E8 te mare nan tout t\u00E8t mwen."
        },
        {
          "text": "Mwen desann, mwen desann, mwen rive jouk nan rasin m\u00F2n yo, nan peyi kote sa ki antre pa soti. Men, Sey\u00E8, Bondye mwen, ou rale m\u0027 soti nan twou a. Ou ban m\u0027 lavi ank\u00F2."
        },
        {
          "text": "L\u00E8 m\u0027 santi mwen taprale vre, mwen vin chonje ou, Sey\u00E8! Mwen lapriy\u00E8 nan pye ou. Kote ou chita nan tanp ki apa ou a, ou tande m\u0027."
        },
        {
          "text": "Moun k\u0027ap s\u00E8vi zid\u00F2l ki pa vo anyen yo, se moun ki vire do bay Bondye ki bay fav\u00E8 a."
        },
        {
          "text": "Men, m\u0027ap chante pou m\u0027 f\u00E8 lwanj ou, m\u0027a ofri b\u00E8t pou yo touye pou ou. M\u0027a kenbe angajman mwen te pran an. Se Sey\u00E8 a ki delivrans nou."
        },
        {
          "text": "L\u00E8 sa a, Sey\u00E8 a bay pwason an l\u00F2d pou li vonmi Jonas sou rivaj lanm\u00E8 a."
        }
      ]
    },
    {
      "VERS": [
        {
          "text": "Bondye pale yon dezy\u00E8m fwa ank\u00F2 ak Jonas,"
        },
        {
          "text": "li di l\u0027 konsa: -Leve non! Ale lavil Niniv, gwo kapital la. F\u00E8 yo konnen mesaj mwen te ba ou pou yo a."
        },
        {
          "text": "Se konsa, Jonas leve, li ale lavil Niniv jan Sey\u00E8 a te di l\u0027 la. Niniv te yon gwo lavil ki mande twa jou pou mache soti nan yon bout ale nan l\u00F2t bout la."
        },
        {
          "text": "Jonas antre nan lavil la. Li f\u00E8 yon jounen ap mache. Epi li pran pale ak moun yo. Li di yo konsa: -Nan karant jou lavil Niniv pral dispar\u00E8t."
        },
        {
          "text": "Moun lavil yo te kw\u00E8 nan mesaj Bondye a. Yo bay l\u00F2d pou tout moun, malere kou grann\u00E8g, rete san manje, pou yo mete rad sak sou yo pou moutre jan yo nan lapenn pou tout mal yo te f\u00E8."
        },
        {
          "text": "Nouv\u00E8l la rive nan z\u00F2r\u00E8y wa lavil Niniv la. Li leve sou fot\u00E8y li a, li wete b\u00E8l rad ki te sou li a, li mete rad sak sou li. L\u00E8fini, li chita at\u00E8 nan sann dife."
        },
        {
          "text": "Li voye f\u00E8 yon piblikasyon nan tout lavil la. Li di konsa: -Men l\u00F2d wa a ansanm ak l\u00F2t ch\u00E8f li yo bay: Pesonn pa pou manje anyen. Ni moun, ni b\u00E8f, ni mouton, tout pou rete san manje san bw\u00E8."
        },
        {
          "text": "Tout moun va gen rad sak sou yo. Tout b\u00E8t va nan lapenn. Tout moun va lapriy\u00E8 Bondye ak tout k\u00E8 yo. Y\u0027a kite tout move zak ak tout mechanste yo te konn f\u00E8 nan lavi yo."
        },
        {
          "text": "Nou pa janm konnen, Bondye ka chanje lide. L\u0027a r\u00E8gr\u00E8t sa li tapral f\u00E8 a, li p\u0027ap fache sou nou ank\u00F2. Konsa, nou p\u0027ap mouri."
        },
        {
          "text": "Bondye w\u00E8 sa yo t\u0027ap f\u00E8 a. Li w\u00E8 yo te soti pou yo chanje lavi yo vre. Se konsa li chanje lide. Li pa pini yo ank\u00F2 jan li te di li tapral pini yo a."
        }
      ]
    },
    {
      "VERS": [
        {
          "text": "Jonas pa t\u0027 kontan menm l\u00E8 li w\u00E8 sa, sa te f\u00E8 l\u0027 fache anpil."
        },
        {
          "text": "Li lapriy\u00E8 Sey\u00E8 a, li di l\u0027 konsa: -Aa Sey\u00E8! Men sa m\u0027 t\u0027ap di a wi, l\u00E8 m\u0027 te nan peyi m\u0027 lan. Se sa menm wi, mwen pa t\u0027 vle rive a. Se pout\u00E8t sa mwen te vle al kache nan peyi Tasis. Mwen konnen ou: Ou se yon Bondye ki gen bon k\u00E8, ki gen pitye pou nou. Ou pa f\u00E8 k\u00F2l\u00E8 fasil, ou pa janm sispann renmen nou, se vre. Ou toujou pare pou padonnen moun, pou chanje lide pou ou pa pini yo."
        },
        {
          "text": "Koulye a, Sey\u00E8, ou m\u00E8t tou touye m\u0027 fini ak sa. M\u0027 pito mouri pase pou m\u0027 viv pou m\u0027 w\u00E8 bagay sa a devan je m\u0027!"
        },
        {
          "text": "Sey\u00E8 a reponn li: -Ki rezon ou genyen pou ou fache konsa?"
        },
        {
          "text": "Jonas kite lavil la, li ale sou b\u00F2 sol\u00E8y leve, li chita. L\u00E8fini, li f\u00E8 yon ton\u00E8l, li chita nan lonbraj anba ton\u00E8l la, l\u0027ap tann pou l\u0027 w\u00E8 sa ki pral rive nan lavil la."
        },
        {
          "text": "L\u00E8 sa a, Sey\u00E8 a, Bondye a, f\u00E8 yon ti pye masketi pouse. Li f\u00E8 l\u0027 rive yon ti wot\u00E8 pi wo pase Jonas pou mete yon ti lonbraj sou t\u00E8t li, pou li ka santi l\u0027 pi al\u00E8z. Jonas te kontan anpil l\u00E8 li w\u00E8 pye masketi a."
        },
        {
          "text": "Men, nan denmen maten, anvan bajou kase, Bondye f\u00E8 yon mawoka pike pye masketi a. Pye masketi a mouri."
        },
        {
          "text": "L\u00E8fini, l\u00E8 sol\u00E8y fin leve, Bondye f\u00E8 yon s\u00E8l van l\u00E8s soufle byen cho. Jonas te pr\u00E8t pou p\u00E8di konesans av\u00E8k chal\u00E8 sol\u00E8y la ki t\u0027ap bat li sou t\u00E8t. Msye mande mouri, li di konsa: -Pito m\u0027 tou mouri m\u0027 fini ak sa!"
        },
        {
          "text": "Men, Bondye mande l\u0027 konsa: -Jonas, ou kw\u00E8 ou gen rezon fache konsa pou yon ti pye masketi? Jonas reponn li: -Wi. Mwen gen rezon fache. M\u0027 fache pou m\u0027 mouri."
        },
        {
          "text": "L\u00E8 sa a, Sey\u00E8 a reponn li: -An! Ou pran lapenn pou yon ti pye masketi ki pa koute ou anyen. Se pa ou ki te f\u00E8 l\u0027 grandi. Li pran yon s\u00E8l nwit pou l\u0027 grandi. Apre yon s\u00E8l jou, li mouri."
        },
        {
          "text": "Epi ou pa ta vle m\u0027 pran lapenn pou lavil Niniv, gwo kapital sa a, kote ki gen depase sanven mil (120.000) timoun inonsan, moun ki pa konnen ni sa ki byen ni sa ki mal, ansanm ak yon kantite b\u00E8t!"
        }
      ]
    }
  ]
}