{
  "-bnumber": "36",
  "CHAPTER": [
    {
      "VERS": [
        {
          "text": "Men mesaj Sey\u00E8 a te bay Sofoni sou r\u00E8y Jozyas, pitit Amon an, ki te wa peyi Jida. Sofoni te pitit Kouchi. Kouchi te pitit Gedalya. Gedalya sa a te pitit Amarya ki li menm te pitit wa Ezekyas."
        },
        {
          "text": "Sey\u00E8 a di konsa: -Mwen pral detwi d\u00E8nye bagay sou lat\u00E8."
        },
        {
          "text": "Mwen pral detwi tout moun, tout b\u00E8t, tout zwezo nan sy\u00E8l la ak tout pwason nan lanm\u00E8, mechan yo ansanm ak tou sa k\u0027ap f\u00E8 yo tonbe nan peche. Mwen pral detwi tout moun, mwen p\u0027ap kite yonn sou lat\u00E8. Se mwen menm, Sey\u00E8 a, ki di sa."
        },
        {
          "text": "Mwen pral kraze moun peyi Jida yo ansanm ak moun ki rete lavil Jerizal\u00E8m yo anba men m\u0027. Mwen pral dispar\u00E8t d\u00E8nye kras zid\u00F2l Baal nan peyi a. Pesonn p\u0027ap janm chonje pr\u00E8t k\u0027ap s\u00E8vi l\u0027 yo ank\u00F2."
        },
        {
          "text": "Mwen pral dispar\u00E8t d\u00E8nye moun k\u0027ap moute sou teras anwo kay pou adore sol\u00E8y, lalin ak zetwal nan sy\u00E8l la. M\u0027ap detwi moun k\u0027ap pran non mwen mete ansanm ak non zid\u00F2l Milk\u00F2m lan pou f\u00E8 s\u00E8man."
        },
        {
          "text": "M\u0027ap detwi tout moun ki vire do ban mwen, ki pa koute paw\u00F2l mwen yo, ki pa vin mande m\u0027 kons\u00E8y ank\u00F2."
        },
        {
          "text": "Jou pou Sey\u00E8 a vin jije a pa lwen rive! Se pou tout moun pe bouch yo devan Sey\u00E8 a. Sey\u00E8 a ap pare pou li f\u00E8 gwo s\u00E8vis pou touye b\u00E8t. Li chwazi moun l\u0027ap envite yo."
        },
        {
          "text": "Jou gwo s\u00E8vis ofrann b\u00E8t sa a, m\u0027ap pini tout gwo ch\u00E8f yo, tout pitit wa yo ansanm ak tout moun k\u0027ap kopye sou moun l\u00F2t nasyon yo. Se Sey\u00E8 a menm ki di sa."
        },
        {
          "text": "M\u0027ap pini tout moun k\u0027ap f\u00E8 s\u00E8vis tankou moun l\u00F2t nasyon yo. Wi, jou sa a, m\u0027ap pini tout moun k\u0027ap v\u00F2l\u00F2, k\u0027ap touye moun pou yo ka plen tanp zid\u00F2l yo ak sa yo pran."
        },
        {
          "text": "Se mwen menm Sey\u00E8 a k\u0027ap pale toujou. Jou sa a n\u0027a tande gwo r\u00E8l b\u00F2 P\u00F2tay Pwason nan lavil Jerizal\u00E8m. N\u0027a tande moun ap plenn byen f\u00F2 nan katye n\u00E8f lavil la. N\u0027a tande yon gwo deblozay pete sou ti m\u00F2n yo."
        },
        {
          "text": "Nou menm ki rete anba lavil, rele byen f\u00F2 paske tout moun ki t\u0027ap f\u00E8 trafik yo pral mouri. Wi, yo pral dispar\u00E8t tout moun ki t\u0027ap f\u00E8 lajan sou t\u00E8t moun nan k\u00F2m\u00E8s."
        },
        {
          "text": "L\u00E8 sa a, men sa k\u0027ap rive. M\u0027ap limen lanp pou m\u0027 fouye lavil Jerizal\u00E8m. M\u0027ap pini tout moun ki chita chita yo tou dousman, epi k\u0027ap di nan k\u00E8 yo: Bondye p\u0027ap f\u00E8 anyen."
        },
        {
          "text": "Se sa yo kw\u00E8! Y\u0027ap piye tout rich\u00E8s yo, y\u0027ap kraze tout kay yo. Y\u0027ap bati kay, men yo p\u0027ap menm gen tan antre ladan yo. Y\u0027ap plante pye rezen, men yo p\u0027ap menm gen tan pran fre diven an."
        },
        {
          "text": "Wi, gwo jou Sey\u00E8 a pa lwen rive. Sa pral yon gwo jou vre. Li pa lwen rive. L\u0027ap rive byen vit. Jou sa a, sa pral r\u00E8d n\u00E8t! Ata s\u00F2lda ki pi vanyan yo pral rele anmwe."
        },
        {
          "text": "Jou sa a pral yon jou dechennen, yon jou lafliksyon ak k\u00E8 sere, yon jou kraze brize, yon jou k\u0027ap f\u00E8 nw\u00E8 kou lank, yon jou van ak gwo nwaj nwa ap plen sy\u00E8l la."
        },
        {
          "text": "Yon jou twonp\u00E8t ap k\u00F2nen, s\u00F2lda ap rele pou yo gen kouray pou y\u0027 al atake lavil ki gen gwo miray ranpa ak f\u00F2 byen wo nan chak kwen pou pwoteje yo."
        },
        {
          "text": "Sey\u00E8 a te di ank\u00F2: -Mwen pral manyen ak l\u00E8z\u00F2m! Yo pral tatonnen tankou av\u00E8g, paske yo te peche kont Sey\u00E8 a. San yo pral koule kou dlo, kadav yo pral pouri tankou fatra."
        },
        {
          "text": "Jou Sey\u00E8 a pral move sou yo a, ni lajan yo ni l\u00F2 yo p\u0027ap ka sove yo. K\u00F2l\u00E8 li tankou yon dife k\u0027ap boule tout t\u00E8 a, paske yon s\u00E8l kou a, l\u0027ap dispar\u00E8t tout moun ki rete sou lat\u00E8. L\u0027ap fini ak yo."
        }
      ]
    },
    {
      "VERS": [
        {
          "text": "Bann san wont! Pran t\u00E8t nou. Kalkile byen,"
        },
        {
          "text": "anvan nou pase tankou pay van pote ale yon s\u00E8l jou, anvan dife k\u00F2l\u00E8 Sey\u00E8 a tonbe sou nou, anvan jou k\u00F2l\u00E8 Sey\u00E8 a rive sou nou."
        },
        {
          "text": "Nou menm, p\u00F2v malere nan peyi a k\u0027ap f\u00E8 sa Sey\u00E8 a bay l\u00F2d f\u00E8 a, vin jwenn li. F\u00E8 sa ki dwat devan li. Pa kite l\u00F2g\u00E8y vire t\u00E8t nou. Nou pa janm konnen, nou ka chape jou Sey\u00E8 a va f\u00E8 w\u00E8 k\u00F2l\u00E8 li."
        },
        {
          "text": "p\u0027ap rete yon moun lavil Gaza. Lavil Askalon ap tounen yon dez\u00E8. Gwo midi, y\u0027ap mete tout moun Asd\u00F2d yo dey\u00F2. Y\u0027ap dep\u00F2te tout moun Ekwon yo."
        },
        {
          "text": "Madichon pou moun peyi Filisti yo ki rete tout b\u00F2 lanm\u00E8 a! Sey\u00E8 a ban nou santans nou, nou menm moun Filisti ki rete nan peyi Kanaran an. L\u0027ap detwi nou n\u00E8t, li p\u0027ap kite yon moun nan peyi a."
        },
        {
          "text": "Tout b\u00F2 lanm\u00E8 a pral tounen savann kote gad\u00F2 mouton va mennen b\u00E8t yo vin manje."
        },
        {
          "text": "Ti ponyen moun ki va rete nan fanmi Jida a va gen tout b\u00F2 lanm\u00E8 a pou yo. Se la y\u0027a mennen mouton yo al manje. Nan asw\u00E8, y\u0027av al d\u00F2mi nan kay lavil Askalon yo. Sey\u00E8 a, Bondye yo a, va f\u00E8 kich\u00F2y pou yo. L\u0027a f\u00E8 yo leve t\u00E8t yo ank\u00F2."
        },
        {
          "text": "Sey\u00E8 a di ank\u00F2! -Mwen te tande jan moun peyi Moab yo ak moun Amon yo t\u0027ap joure p\u00E8p mwen an. Yo t\u0027ap pale yo mal. Yo t\u0027ap mache di yo pral pran peyi a nan men yo."
        },
        {
          "text": "Se pout\u00E8t sa, mwen menm Sey\u00E8 ki gen tout pouvwa a, Bondye vivan p\u00E8p Izray\u00E8l la, mwen s\u00E8mante sou t\u00E8t mwen, sa ki te rive lavil Sod\u00F2m lan, se sa ki pral rive peyi Moab la. Sa ki te rive lavil Gom\u00F2 a, se sa ki pral rive peyi moun Amon yo. Yo pral tounen yon kote se pikan chadwon ase ki pral leve, yon mi n\u0027 s\u00E8l, yon dez\u00E8 pou tout tan. Ti ponyen ki va rete nan moun p\u00E8p mwen yo va piye yo, ti ponyen ki va rete nan moun k\u0027ap s\u00E8vi m\u0027 yo va pran peyi a pou yo."
        },
        {
          "text": "Se sa ki pral rive moun Moab yo ak moun Amon yo, paske yo te gen l\u00F2g\u00E8y, yo t\u0027ap pale p\u00E8p Sey\u00E8 ki gen tout pouvwa a mal. Yo t\u0027ap mache di yo pral pran peyi a nan men yo."
        },
        {
          "text": "Sey\u00E8 a pral f\u00E8 yo pase pa yo. Li pral dispar\u00E8t tout bondye moun sou lat\u00E8 yo ap s\u00E8vi. L\u00E8fini, tout nasyon toupatou sou lat\u00E8 pral adore l\u0027, yo chak nan peyi pa yo."
        },
        {
          "text": "Nou menm tou, moun peyi Letiopi yo, Sey\u00E8 a ap touye nou nan lag\u00E8!"
        },
        {
          "text": "Sey\u00E8 a va leve men l\u0027 b\u00F2 nan n\u00F2, l\u0027ap detwi peyi Lasiri. L\u0027ap f\u00E8 lavil Niniv tounen yon savann, yon t\u00E8 s\u00E8k tankou dez\u00E8."
        },
        {
          "text": "Se la tout kalite b\u00E8t savann pral chwazi f\u00E8 kay yo. Koukou ak zagoudi pral f\u00E8 nich yo nan mitan moso demoli kay w\u00F2ch yo. Y\u0027ap rele b\u00F2 fenn\u00E8t yo. Kaou va rele nan pap\u00F2t kay yo. Y\u0027ap rache tout bwa s\u00E8d nan chapant kay yo."
        },
        {
          "text": "Men sa ki pral rive lavil kote moun t\u0027ap pran plezi yo, lavil kote moun te mete nan t\u00E8t yo anyen pa ka rive yo, lavil kote moun yo t\u0027ap di nan k\u00E8 yo: Se mwen menm s\u00E8l ch\u00E8f! Pa gen l\u00F2t! Tout moun k\u0027ap pase b\u00F2 la pral sezi, y\u0027ap mete men nan t\u00E8t l\u00E8 yo w\u00E8 sa ki rive."
        }
      ]
    },
    {
      "VERS": [
        {
          "text": "Madichon pou moun lavil Jerizal\u00E8m! Yo vire kont Bondye, yo lage k\u00F2 yo nan dez\u00F2d, l\u00E8fini y\u0027ap peze moun par\u00E8y yo."
        },
        {
          "text": "Yo pa t\u0027 koute Sey\u00E8 a. Yo pa t\u0027 pran pinisyon Bondye a pou anyen. Yo pa t\u0027 mete konfyans yo nan Sey\u00E8 a ank\u00F2, yo pa t\u0027 vin mande Bondye yo a kons\u00E8y ank\u00F2."
        },
        {
          "text": "Nan lavil la, ch\u00E8f yo tankou lyon ki grangou. Jij yo tankou chen mawon ki soti apre sol\u00E8y kouche. Yo t\u00E8lman akr\u00E8k, yo pa kite yon ti zo pou denmen maten."
        },
        {
          "text": "Pwof\u00E8t yo pa serye. Pesonn pa ka fye yo. Pr\u00E8t yo menm pa respekte bagay ki apa pou Bondye. Yo f\u00E8 lalwa Bondye a di sa yo vle."
        },
        {
          "text": "Men Sey\u00E8 a la nan lavil la. Li pa nan patipri. Li p\u0027ap f\u00E8 lenjistis. Chak maten, li bay santans li. Depi bajou kase, li la l\u0027ap rann jistis. Men, moun k\u0027ap f\u00E8 sa ki mal yo pa gen nen nan figi yo."
        },
        {
          "text": "Sey\u00E8 a di: -Mwen dispar\u00E8t nasyon yo. Mwen kraze gwo f\u00F2 nan kwen miray ranpa yo. Mwen pa kite yon moun ap mache nan lari. Yo piye lavil yo. Yo pa kite yon moun vivan ladan yo."
        },
        {
          "text": "Mwen te kw\u00E8 p\u00E8p mwen an ta gen yon ti krentif pou mwen. Leson an ta s\u00E8vi yo. Yo pa ta janm bliye sa m\u0027 te f\u00E8 yo pase. Men, se l\u00E8 sa a yo lage k\u00F2 yo pi r\u00E8d nan f\u00E8 sa ki mal."
        },
        {
          "text": "Sey\u00E8 a di: -Nou m\u00E8t tann mwen! Nou m\u00E8t tann jou pou m\u0027 kanpe akize nasyon yo! Mwen fin pran desizyon mwen: m\u0027ap sanble tout nasyon yo ak tout peyi yo pou m\u0027 f\u00E8 yo santi jan m\u0027 fache, jan m\u0027 ank\u00F2l\u00E8 sou yo. Paske nan k\u00F2l\u00E8 mwen, mwen pral boule tout lat\u00E8."
        },
        {
          "text": "L\u00E8 sa a, m\u0027a chanje paw\u00F2l ki nan bouch nasyon yo. Se mwen menm yo tout yo pral lapriy\u00E8. Yo pral mete t\u00E8t yo ansanm pou yo s\u00E8vi m\u0027."
        },
        {
          "text": "Moun ap soti byen lwen l\u00F2t b\u00F2 larivy\u00E8 peyi Letiopi yo, y\u0027ap vin ansanm ak moun p\u00E8p mwen an ki te gaye toupatou, y\u0027ap pote ofrann yo ban mwen."
        },
        {
          "text": "Jou sa a, nou menm p\u00E8p mwen an, nou p\u0027ap bezwen wont tou sa nou te f\u00E8 l\u00E8 nou te vire do ban mwen an. Mwen wete tout moun ki gen l\u00F2g\u00E8y nan mitan nou, tout moun k\u0027ap gonfle lestonmak yo sou moun. Nou va sispann kenbe t\u00E8t av\u00E8 m\u0027 sou m\u00F2n ki apa pou mwen an."
        },
        {
          "text": "Men, moun m\u0027a kite nan lavil la se p\u00F2v malere yo ki pa kite l\u00F2g\u00E8y vire t\u00E8t yo. Se anba z\u00E8l mwen y\u0027a vin chache pwoteksyon."
        },
        {
          "text": "Ti ponyen moun ki va rete nan p\u00E8p Izray\u00E8l la p\u0027ap nan f\u00E8 moun mal, yo p\u0027ap nan bay manti, yo p\u0027ap nan twonpe moun. Y\u0027a manje, y\u0027a d\u00F2mi, anyen p\u0027ap f\u00E8 yo p\u00E8."
        },
        {
          "text": "Nou menm, p\u00E8p Izray\u00E8l, rele chante pou di jan nou kontan! Nou menm ki rete sou m\u00F2n Siyon an, rele byen f\u00F2, f\u00E8 f\u00E8t! Nou menm moun lavil Jerizal\u00E8m, f\u00E8 k\u00E8 nou kontan, danse ak tout nanm nou!"
        },
        {
          "text": "Sey\u00E8 a wete tout moun ki t\u0027ap fini av\u00E8k nou yo. Li bale tout l\u00E8nmi nou yo ale. Sey\u00E8 a, wa p\u00E8p Izray\u00E8l la, l\u0027a nan mitan nou. Pa gen mal\u00E8 ki pou rive nou ank\u00F2!"
        },
        {
          "text": "Jou sa a, y\u0027a di moun lavil Jerizal\u00E8m yo: Nou menm ki rete sou m\u00F2n Siyon an, nou pa bezwen p\u00E8. Pa dekouraje!"
        },
        {
          "text": "Sey\u00E8 a, Bondye nou an, l\u0027a nan mitan nou! Se yon vanyan gason. Se li menm k\u0027ap delivre nou. Li kontan w\u00E8 sa n\u0027ap f\u00E8. L\u0027ap mete ou kanpe ank\u00F2 paske li renmen ou. W\u0027ap f\u00E8 k\u00E8 l\u0027 kontan. li ap chante"
        },
        {
          "text": "tankou l\u00E8 gen f\u00E8t: Sey\u00E8 a di: -Mwen wete sa ki t\u0027ap f\u00E8 nou p\u00E8 a. Mwen wete wont ki te sou nou an."
        },
        {
          "text": "Jou sa a, m\u0027a pini tout moun ki t\u0027ap peze nou yo. M\u0027a sove moun k\u0027ap bwete yo, m\u0027a f\u00E8 moun yo te dep\u00F2te yo tounen lakay yo. Nan tout peyi kote moun t\u0027ap f\u00E8 yo wont mwen pral f\u00E8 yo f\u00E8 lwanj pou yo, tout moun pral nonmen non yo."
        },
        {
          "text": "L\u00E8 sa a, m\u0027a f\u00E8 nou tounen lakay nou. Wi, m\u0027a f\u00E8 nou sanble ank\u00F2 nan peyi nou an. M\u0027a f\u00E8 moun toupatou sou lat\u00E8 f\u00E8 lwanj nou, y\u0027a nonmen non nou. N\u0027a w\u00E8 m\u0027a f\u00E8 peyi nou an kanpe ank\u00F2. Se Sey\u00E8 a menm ki di sa."
        }
      ]
    }
  ]
}